,index,Crew,Battalion,Vehicle,GTVI Score,GT VI Eng,Q1,members,dr_Position,dr_VACANT,dr_master_gunner,dr_maintanance_operations,dr_avg_age,dr_apft_pass,dr_apft_score_total,dr_apft_score_su,dr_apft_score_pu,dr_apft_score_run,dr_body_comp_pass,dr_ethnic_group,dr_height,dr_skill_level,dr_O_E,dr_M4,dr_M99,dr_M17,dr_time_in_service_months,dr_weight,ld_Position,ld_VACANT,ld_master_gunner,ld_maintanance_operations,ld_avg_age,ld_apft_pass,ld_apft_score_total,ld_apft_score_su,ld_apft_score_pu,ld_apft_score_run,ld_body_comp_pass,ld_ethnic_group,ld_height,ld_skill_level,ld_O_E,ld_M4,ld_M99,ld_M17,ld_time_in_service_months,ld_weight,gn_Position,gn_VACANT,gn_master_gunner,gn_maintanance_operations,gn_avg_age,gn_apft_pass,gn_apft_score_total,gn_apft_score_su,gn_apft_score_pu,gn_apft_score_run,gn_body_comp_pass,gn_ethnic_group,gn_height,gn_skill_level,gn_O_E,gn_M4,gn_M99,gn_M17,gn_time_in_service_months,gn_weight,tc_Position,tc_VACANT,tc_master_gunner,tc_maintanance_operations,tc_avg_age,tc_apft_pass,tc_apft_score_total,tc_apft_score_su,tc_apft_score_pu,tc_apft_score_run,tc_body_comp_pass,tc_ethnic_group,tc_height,tc_skill_level,tc_O_E,tc_M4,tc_M99,tc_M17,tc_time_in_service_months,tc_weight
0,0,A11,1-64 AR,Tank,700,7.0,0.0,4,Driver,0,0,1,22.5,1.0,242.0,89.0,79.0,74.0,1.0,MEXICAN,65.0,1.0,E,MARKSMAN,SHARPSHOOTER,MARKSMAN,35.0,129.0,Loader,0.0,0.0,1.0,22.5,,,,,,,OTHER HISPANIC DESCENT,,1.0,E,,,,8.0,,Gunner,0.0,0.0,1.0,22.5,1.0,279.0,100.0,92.0,87.0,1.0,NONE,68.0,2.0,E,SHARPSHOOTER,SHARPSHOOTER,MARKSMAN,81.0,145.0,Commander,0.0,0.0,0.0,32.5,1.0,229.0,82.0,86.0,61.0,1.0,CUBAN,69.0,4.0,O,SHARPSHOOTER,,,100.0,179.0
1,1,A11,10 BEB,Bradley,771,7.0,1.0,3,Driver,0,0,0,22.5,1.0,199.0,65.0,68.0,66.0,1.0,NONE,73.5,1.0,E,SHARPSHOOTER,MARKSMAN,,37.0,223.0,,,,,,,,,,,,,,,,,,,,,Gunner,0.0,0.0,0.0,22.5,,,,,,1.0,NONE,69.0,1.0,E,MARKSMAN,,,35.0,198.0,Commander,0.0,0.0,0.0,22.5,1.0,300.0,100.0,100.0,100.0,1.0,NONE,72.0,2.0,E,MARKSMAN,,EXPERT,58.0,160.0
2,2,A11,2-7 IN,Bradley,832,7.0,1.0,3,Driver,0,0,0,22.5,0.0,211.0,77.0,78.0,56.0,1.0,NONE,73.0,1.0,E,EXPERT,,,33.0,237.0,,,,,,,,,,,,,,,,,,,,,Gunner,0.0,0.0,0.0,27.5,1.0,238.0,76.0,100.0,62.0,1.0,NONE,70.0,1.0,E,EXPERT,,,56.0,225.0,Commander,0.0,0.0,0.0,27.5,1.0,300.0,100.0,100.0,100.0,1.0,OTHER,66.0,4.0,O,MARKSMAN,SHARPSHOOTER,,61.0,175.0
3,3,A11,3-69 AR,Tank,755,7.0,1.0,4,Driver,0,0,0,,,,,,,,,,,M,,,,,,Loader,0.0,0.0,0.0,,,,,,,,,,,M,,,,,,Gunner,0.0,0.0,0.0,,,,,,,,,,,M,,,,,,Commander,0.0,0.0,0.0,,,,,,,,,,,M,,,,,
4,4,A11,5-7 CAV,Bradley,722,7.0,1.0,3,Driver,0,0,0,,,,,,,,,,,M,,,,,,,,,,,,,,,,,,,,,,,,,,Gunner,0.0,0.0,0.0,,,,,,,,,,,M,,,,,,Commander,0.0,0.0,0.0,,,,,,,,,,,M,,,,,
5,5,A12,1-64 AR,Tank,815,7.0,1.0,4,Driver,0,0,1,27.5,1.0,226.0,72.0,74.0,80.0,1.0,NONE,72.0,1.0,E,SHARPSHOOTER,MARKSMAN,MARKSMAN,37.0,209.0,Loader,0.0,0.0,1.0,22.5,,,,,,,NONE,,1.0,E,,,,10.0,,Gunner,0.0,0.0,1.0,22.5,1.0,271.0,94.0,85.0,92.0,1.0,NONE,70.0,2.0,E,EXPERT,MARKSMAN,MARKSMAN,63.0,189.0,Commander,0.0,0.0,1.0,27.5,1.0,256.0,73.0,83.0,100.0,1.0,NONE,72.0,3.0,E,EXPERT,EXPERT,EXPERT,72.0,180.0
6,6,A12,10 BEB,Bradley,807,7.0,0.0,3,Driver,0,0,0,27.5,1.0,265.0,95.0,79.0,91.0,1.0,NONE,67.0,1.0,E,MARKSMAN,,,53.0,180.0,,,,,,,,,,,,,,,,,,,,,Gunner,0.0,0.0,0.0,22.5,0.0,189.0,81.0,54.0,54.0,0.0,NONE,69.5,1.0,E,MARKSMAN,,,35.0,224.0,Commander,0.0,0.0,0.0,22.5,1.0,251.0,73.0,99.0,79.0,1.0,MEXICAN,68.0,2.0,E,EXPERT,SHARPSHOOTER,,76.0,152.0
7,7,A12,2-7 IN,Bradley,772,7.0,0.0,3,Driver,0,0,0,22.5,,,,,,1.0,NONE,72.0,1.0,E,SHARPSHOOTER,,,29.0,209.0,,,,,,,,,,,,,,,,,,,,,Gunner,0.0,0.0,0.0,22.5,1.0,238.0,68.0,82.0,88.0,1.0,NONE,67.0,2.0,E,MARKSMAN,,,71.0,148.0,Commander,0.0,1.0,0.0,32.5,1.0,221.0,80.0,66.0,75.0,1.0,OTHER,65.0,3.0,E,SHARPSHOOTER,,,177.0,163.0
8,8,A12,3-69 AR,Tank,843,8.0,1.0,4,Driver,0,0,0,,,,,,,,,,,M,,,,,,Loader,0.0,0.0,0.0,,,,,,,,,,,M,,,,,,Gunner,0.0,0.0,0.0,,,,,,,,,,,M,,,,,,Commander,0.0,0.0,0.0,,,,,,,,,,,M,,,,,
9,9,A12,5-7 CAV,Bradley,783,7.0,1.0,3,Driver,0,0,0,,,,,,,,,,,M,,,,,,,,,,,,,,,,,,,,,,,,,,,,,,,,,,,,,,,,,,,,,,Commander,0.0,0.0,0.0,,,,,,,,,,,M,,,,,
10,10,A13,1-64 AR,Tank,700,7.0,0.0,4,Driver,0,0,1,22.5,1.0,194.0,67.0,65.0,62.0,1.0,MEXICAN,67.0,1.0,E,,,MARKSMAN,25.0,172.0,Loader,0.0,0.0,0.0,27.5,1.0,243.0,83.0,83.0,77.0,1.0,NONE,69.0,2.0,E,MARKSMAN,EXPERT,EXPERT,87.0,191.0,Gunner,0.0,0.0,1.0,22.5,1.0,213.0,73.0,70.0,70.0,1.0,NONE,71.0,2.0,E,MARKSMAN,EXPERT,EXPERT,45.0,197.0,Commander,0.0,0.0,1.0,27.5,1.0,141.0,68.0,73.0,0.0,1.0,POLYNESIAN,67.0,3.0,E,SHARPSHOOTER,SHARPSHOOTER,,108.0,185.0
11,11,A13,10 BEB,Bradley,773,7.0,0.0,3,Driver,0,0,0,22.5,,,,,,1.0,NONE,77.0,1.0,E,MARKSMAN,,,8.0,180.0,,,,,,,,,,,,,,,,,,,,,Gunner,0.0,0.0,0.0,22.5,,,,,,1.0,NONE,66.0,1.0,E,MARKSMAN,,,9.0,140.0,Commander,0.0,0.0,0.0,27.5,1.0,272.0,92.0,98.0,82.0,1.0,OTHER,71.0,3.0,E,MARKSMAN,,,103.0,225.0
12,12,A13,2-7 IN,Bradley,824,7.0,0.0,3,Driver,0,0,0,22.5,,,,,,1.0,NONE,66.0,1.0,E,MARKSMAN,,,27.0,148.0,,,,,,,,,,,,,,,,,,,,,Gunner,0.0,0.0,0.0,27.5,1.0,200.0,60.0,70.0,70.0,1.0,NONE,72.0,1.0,E,EXPERT,,,30.0,212.0,Commander,0.0,0.0,0.0,27.5,1.0,270.0,87.0,97.0,86.0,1.0,OTHER,75.0,3.0,E,SHARPSHOOTER,SHARPSHOOTER,,93.0,248.0
13,13,A13,3-69 AR,Tank,700,7.0,0.0,4,Driver,0,0,0,,,,,,,,,,,M,,,,,,Loader,0.0,0.0,0.0,,,,,,,,,,,M,,,,,,Gunner,0.0,0.0,0.0,,,,,,,,,,,M,,,,,,Commander,0.0,0.0,0.0,,,,,,,,,,,M,,,,,
14,14,A13,5-7 CAV,Bradley,700,7.0,0.0,3,Driver,0,0,0,,,,,,,,,,,M,,,,,,,,,,,,,,,,,,,,,,,,,,Gunner,0.0,0.0,0.0,,,,,,,,,,,M,,,,,,Commander,0.0,0.0,0.0,,,,,,,,,,,M,,,,,
15,15,A14,2-7 IN,Bradley,784,7.0,1.0,3,Driver,0,0,0,22.5,1.0,233.0,70.0,93.0,70.0,1.0,NONE,74.0,1.0,E,MARKSMAN,,,38.0,211.0,,,,,,,,,,,,,,,,,,,,,Gunner,0.0,0.0,0.0,22.5,0.0,125.0,40.0,39.0,46.0,1.0,NONE,63.0,1.0,E,SHARPSHOOTER,,,28.0,137.0,Commander,0.0,0.0,0.0,37.5,1.0,256.0,91.0,79.0,86.0,1.0,OTHER,71.0,4.0,E,SHARPSHOOTER,,,195.0,200.0
16,16,A14,3-69 AR,Tank,803,8.0,1.0,4,Driver,0,0,0,,,,,,,,,,,M,,,,,,Loader,0.0,0.0,0.0,,,,,,,,,,,M,,,,,,Gunner,0.0,0.0,0.0,,,,,,,,,,,M,,,,,,Commander,0.0,0.0,0.0,,,,,,,,,,,M,,,,,
17,17,A14,5-7 CAV,Bradley,792,7.0,1.0,3,Driver,0,0,0,,,,,,,,,,,M,,,,,,,,,,,,,,,,,,,,,,,,,,Gunner,0.0,0.0,0.0,,,,,,,,,,,M,,,,,,Commander,0.0,0.0,0.0,,,,,,,,,,,M,,,,,
18,18,A15,5-7 CAV,Bradley,765,8.0,1.0,3,Driver,0,0,0,,,,,,,,,,,M,,,,,,,,,,,,,,,,,,,,,,,,,,,,,,,,,,,,,,,,,,,,,,Commander,0.0,0.0,0.0,,,,,,,,,,,M,,,,,
19,19,A16,10 BEB,Bradley,864,9.0,1.0,3,Driver,0,0,0,18.0,,,,,,1.0,NONE,72.5,1.0,E,SHARPSHOOTER,,,31.0,215.0,,,,,,,,,,,,,,,,,,,,,Gunner,0.0,0.0,0.0,22.5,1.0,229.0,71.0,83.0,75.0,1.0,OTHER HISPANIC DESCENT,66.0,1.0,E,MARKSMAN,,,52.0,150.0,Commander,0.0,0.0,0.0,27.5,,,,,,1.0,NONE,73.0,4.0,O,MARKSMAN,,MARKSMAN,32.0,202.0
20,20,A16,5-7 CAV,Bradley,786,7.0,1.0,3,Driver,0,0,0,,,,,,,,,,,M,,,,,,,,,,,,,,,,,,,,,,,,,,Gunner,0.0,0.0,0.0,,,,,,,,,,,M,,,,,,Commander,0.0,0.0,0.0,,,,,,,,,,,M,,,,,
21,21,A21,1-64 AR,Tank,700,7.0,0.0,4,Driver,0,0,1,22.5,,,,,,1.0,NONE,72.0,1.0,E,,,SHARPSHOOTER,27.0,196.0,Loader,0.0,0.0,1.0,22.5,1.0,232.0,86.0,64.0,82.0,1.0,NONE,73.5,1.0,E,SHARPSHOOTER,SHARPSHOOTER,MARKSMAN,38.0,202.0,Gunner,0.0,0.0,1.0,22.5,1.0,261.0,100.0,100.0,61.0,1.0,NONE,69.0,2.0,E,,,MARKSMAN,53.0,200.0,Commander,0.0,0.0,0.0,27.5,,,,,,1.0,OTHER,73.0,4.0,O,,,EXPERT,66.0,210.0
22,22,A21,10 BEB,Bradley,801,9.0,1.0,3,Driver,0,0,0,22.5,,,,,,1.0,NONE,66.0,1.0,E,MARKSMAN,,,30.0,121.0,,,,,,,,,,,,,,,,,,,,,Gunner,0.0,0.0,0.0,22.5,0.0,190.0,63.0,92.0,35.0,1.0,NONE,67.0,1.0,E,MARKSMAN,,,25.0,148.0,Commander,0.0,0.0,0.0,27.5,1.0,232.0,83.0,71.0,78.0,1.0,MEXICAN,75.5,2.0,E,EXPERT,,,66.0,249.0
23,23,A21,2-7 IN,Bradley,783,8.0,1.0,3,Driver,0,0,0,22.5,0.0,126.0,44.0,39.0,43.0,1.0,NONE,68.0,1.0,E,EXPERT,,,31.0,212.0,,,,,,,,,,,,,,,,,,,,,Gunner,0.0,0.0,0.0,22.5,1.0,291.0,100.0,100.0,91.0,1.0,NONE,68.0,2.0,E,EXPERT,,EXPERT,48.0,181.0,Commander,0.0,0.0,0.0,32.5,1.0,299.0,99.0,100.0,100.0,1.0,NONE,66.0,4.0,O,EXPERT,,,38.0,127.0
24,24,A21,3-69 AR,Tank,942,10.0,1.0,4,Driver,0,0,0,,,,,,,,,,,M,,,,,,Loader,0.0,0.0,0.0,,,,,,,,,,,M,,,,,,Gunner,0.0,0.0,0.0,,,,,,,,,,,M,,,,,,Commander,0.0,0.0,0.0,,,,,,,,,,,M,,,,,
25,25,A21,5-7 CAV,Bradley,700,7.0,0.0,3,Driver,0,0,0,,,,,,,,,,,M,,,,,,,,,,,,,,,,,,,,,,,,,,Gunner,0.0,0.0,0.0,,,,,,,,,,,M,,,,,,Commander,0.0,0.0,0.0,,,,,,,,,,,M,,,,,
26,26,A22,1-64 AR,Tank,717,7.0,1.0,4,Driver,1,0,0,,,,,,,,,,,M,,,,,,Loader,0.0,0.0,1.0,22.5,,,,,,,NONE,,1.0,E,MARKSMAN,,,13.0,,Gunner,0.0,0.0,1.0,22.5,1.0,264.0,71.0,100.0,93.0,1.0,NONE,68.0,2.0,E,MARKSMAN,EXPERT,SHARPSHOOTER,40.0,180.0,Commander,0.0,0.0,1.0,27.5,1.0,274.0,87.0,98.0,89.0,1.0,OTHER,70.0,3.0,E,EXPERT,MARKSMAN,EXPERT,88.0,200.0
27,27,A22,10 BEB,Bradley,843,8.0,1.0,3,Driver,0,0,0,18.0,,,,,,1.0,NONE,66.0,1.0,E,MARKSMAN,,,9.0,145.0,,,,,,,,,,,,,,,,,,,,,Gunner,0.0,0.0,0.0,22.5,,,,,,1.0,NONE,73.5,1.0,E,MARKSMAN,,,22.0,179.0,Commander,0.0,0.0,0.0,27.5,1.0,277.0,100.0,100.0,77.0,0.0,NONE,73.0,2.0,E,SHARPSHOOTER,,,73.0,235.0
28,28,A22,2-7 IN,Bradley,866,8.0,0.0,3,Driver,0,0,0,22.5,1.0,269.0,87.0,100.0,82.0,1.0,MEXICAN,68.0,1.0,E,EXPERT,,,35.0,191.0,,,,,,,,,,,,,,,,,,,,,Gunner,0.0,0.0,0.0,22.5,,,,,,1.0,NONE,68.0,1.0,E,EXPERT,,,43.0,186.0,Commander,0.0,0.0,0.0,27.5,1.0,300.0,100.0,100.0,100.0,1.0,NONE,65.0,2.0,E,EXPERT,,,136.0,132.0
29,29,A22,3-69 AR,Tank,835,7.0,1.0,4,Driver,0,0,0,,,,,,,,,,,M,,,,,,Loader,0.0,0.0,0.0,,,,,,,,,,,M,,,,,,Gunner,0.0,0.0,0.0,,,,,,,,,,,M,,,,,,Commander,0.0,0.0,0.0,,,,,,,,,,,M,,,,,
30,30,A22,5-7 CAV,Bradley,843,8.0,1.0,3,Driver,0,0,0,,,,,,,,,,,M,,,,,,,,,,,,,,,,,,,,,,,,,,,,,,,,,,,,,,,,,,,,,,Commander,0.0,0.0,0.0,,,,,,,,,,,M,,,,,
31,31,A23,1-64 AR,Tank,700,7.0,0.0,4,Driver,0,0,1,22.5,,,,,,1.0,NONE,69.0,1.0,E,SHARPSHOOTER,,EXPERT,17.0,161.0,Loader,0.0,0.0,1.0,22.5,,,,,,,NONE,,1.0,E,EXPERT,,,11.0,,Gunner,0.0,0.0,1.0,32.5,1.0,264.0,87.0,100.0,77.0,1.0,OTHER,67.5,2.0,E,SHARPSHOOTER,MARKSMAN,SHARPSHOOTER,102.0,183.0,Commander,0.0,0.0,1.0,27.5,1.0,287.0,96.0,100.0,91.0,1.0,MEXICAN,72.0,3.0,E,EXPERT,MARKSMAN,EXPERT,93.0,201.0
32,32,A23,10 BEB,Bradley,760,7.0,0.0,3,Driver,0,0,0,22.5,,,,,,,CUBAN,,1.0,E,MARKSMAN,,,11.0,,,,,,,,,,,,,,,,,,,,,,Gunner,0.0,0.0,0.0,22.5,1.0,300.0,100.0,100.0,100.0,1.0,NONE,69.0,1.0,E,EXPERT,,,41.0,183.0,Commander,0.0,0.0,0.0,22.5,1.0,254.0,98.0,88.0,68.0,1.0,NONE,72.0,2.0,E,SHARPSHOOTER,,,45.0,192.0
33,33,A23,2-7 IN,Bradley,755,7.0,1.0,3,Driver,0,0,0,22.5,1.0,239.0,82.0,90.0,67.0,1.0,NONE,68.0,1.0,E,MARKSMAN,,,31.0,171.0,,,,,,,,,,,,,,,,,,,,,Gunner,0.0,0.0,0.0,22.5,1.0,274.0,94.0,88.0,92.0,1.0,NONE,70.0,1.0,E,MARKSMAN,,,44.0,140.0,Commander,0.0,0.0,0.0,32.5,1.0,253.0,88.0,78.0,87.0,1.0,OTHER,73.0,3.0,E,EXPERT,,MARKSMAN,130.0,196.0
34,34,A23,3-69 AR,Tank,700,7.0,0.0,4,Driver,0,0,0,,,,,,,,,,,M,,,,,,Loader,0.0,0.0,0.0,,,,,,,,,,,M,,,,,,Gunner,0.0,0.0,0.0,,,,,,,,,,,M,,,,,,Commander,0.0,0.0,0.0,,,,,,,,,,,M,,,,,
35,35,A24,1-64 AR,Tank,700,7.0,0.0,4,Driver,0,0,1,22.5,,,,,,1.0,FILIPPINO,69.0,1.0,E,,,MARKSMAN,21.0,205.0,Loader,0.0,0.0,1.0,22.5,1.0,292.0,100.0,100.0,92.0,1.0,NONE,68.0,1.0,E,EXPERT,,EXPERT,38.0,145.0,Gunner,0.0,0.0,1.0,22.5,1.0,224.0,78.0,79.0,67.0,1.0,NONE,67.0,2.0,E,SHARPSHOOTER,MARKSMAN,MARKSMAN,46.0,169.0,Commander,0.0,0.0,1.0,32.5,1.0,284.0,100.0,100.0,84.0,1.0,OTHER PACIFIC ISLAND DESCENT,67.0,4.0,E,SHARPSHOOTER,EXPERT,EXPERT,172.0,168.0
36,36,A24,2-7 IN,Bradley,766,7.0,0.0,3,Driver,0,0,0,22.5,1.0,203.0,67.0,67.0,69.0,1.0,NONE,66.0,1.0,E,SHARPSHOOTER,,,34.0,166.0,,,,,,,,,,,,,,,,,,,,,Gunner,0.0,0.0,0.0,22.5,1.0,290.0,97.0,100.0,93.0,1.0,NONE,69.0,2.0,E,SHARPSHOOTER,,,59.0,160.0,Commander,0.0,0.0,0.0,37.5,1.0,267.0,91.0,92.0,84.0,1.0,OTHER HISPANIC DESCENT,69.0,4.0,E,EXPERT,EXPERT,,265.0,184.0
37,37,A24,3-69 AR,Tank,842,8.0,1.0,4,Driver,0,0,0,,,,,,,,,,,M,,,,,,Loader,0.0,0.0,0.0,,,,,,,,,,,M,,,,,,Gunner,0.0,0.0,0.0,,,,,,,,,,,M,,,,,,Commander,0.0,0.0,0.0,,,,,,,,,,,M,,,,,
38,38,A24,5-7 CAV,Bradley,700,7.0,0.0,3,Driver,0,0,0,,,,,,,,,,,M,,,,,,,,,,,,,,,,,,,,,,,,,,Gunner,0.0,0.0,0.0,,,,,,,,,,,M,,,,,,Commander,0.0,0.0,0.0,,,,,,,,,,,M,,,,,
39,39,A25,5-7 CAV,Bradley,805,9.0,1.0,3,Driver,0,0,0,,,,,,,,,,,M,,,,,,,,,,,,,,,,,,,,,,,,,,Gunner,0.0,0.0,0.0,,,,,,,,,,,M,,,,,,Commander,0.0,0.0,0.0,,,,,,,,,,,M,,,,,
40,40,A26,10 BEB,Bradley,792,8.0,0.0,3,Driver,0,0,0,22.5,,,,,,0.0,NONE,74.5,1.0,E,,,,11.0,228.0,,,,,,,,,,,,,,,,,,,,,Gunner,0.0,0.0,0.0,32.5,,,,,,1.0,NONE,68.5,1.0,E,SHARPSHOOTER,,,29.0,197.0,Commander,0.0,0.0,0.0,27.5,,,,,,1.0,OTHER,72.0,4.0,O,EXPERT,,,140.0,214.0
41,41,A26,5-7 CAV,Bradley,700,7.0,0.0,3,Driver,0,0,0,,,,,,,,,,,M,,,,,,,,,,,,,,,,,,,,,,,,,,,,,,,,,,,,,,,,,,,,,,Commander,0.0,0.0,0.0,,,,,,,,,,,M,,,,,
42,42,A31,1-64 AR,Tank,700,7.0,0.0,4,Driver,0,0,1,22.5,,,,,,,OTHER HISPANIC DESCENT,,1.0,E,EXPERT,,,23.0,,Loader,0.0,0.0,1.0,22.5,,,,,,,NONE,,1.0,E,,,,23.0,,Gunner,1.0,0.0,0.0,,,,,,,,,,,M,,,,,,Commander,0.0,0.0,0.0,27.5,1.0,255.0,96.0,76.0,83.0,1.0,NONE,71.0,4.0,O,,,SHARPSHOOTER,104.0,143.0
43,43,A31,2-7 IN,Bradley,833,9.0,0.0,3,Driver,0,0,0,22.5,1.0,214.0,79.0,68.0,67.0,1.0,NONE,69.0,1.0,E,SHARPSHOOTER,,,25.0,133.0,,,,,,,,,,,,,,,,,,,,,Gunner,0.0,0.0,0.0,27.5,1.0,272.0,92.0,93.0,87.0,1.0,OTHER,72.0,2.0,E,MARKSMAN,,,107.0,225.0,Commander,0.0,0.0,0.0,27.5,1.0,280.0,93.0,98.0,89.0,1.0,OTHER,69.0,4.0,O,EXPERT,,,96.0,171.0
44,44,A31,3-69 AR,Tank,803,7.0,1.0,4,Driver,0,0,0,,,,,,,,,,,M,,,,,,Loader,0.0,0.0,0.0,,,,,,,,,,,M,,,,,,Gunner,0.0,0.0,0.0,,,,,,,,,,,M,,,,,,Commander,0.0,0.0,0.0,,,,,,,,,,,M,,,,,
45,45,A32,1-64 AR,Tank,782,7.0,1.0,4,Driver,1,0,0,,,,,,,,,,,M,,,,,,Loader,0.0,0.0,1.0,22.5,,,,,,,OTHER HISPANIC DESCENT,,1.0,E,,,,16.0,,Gunner,0.0,0.0,1.0,32.5,1.0,202.0,65.0,71.0,66.0,0.0,NONE,70.0,1.0,E,EXPERT,SHARPSHOOTER,SHARPSHOOTER,36.0,204.0,Commander,0.0,0.0,1.0,32.5,1.0,258.0,87.0,86.0,85.0,1.0,NONE,68.0,3.0,E,EXPERT,SHARPSHOOTER,SHARPSHOOTER,112.0,165.0
46,46,A32,2-7 IN,Bradley,829,8.0,0.0,3,Driver,0,0,0,22.5,,,,,,1.0,NONE,67.0,1.0,E,SHARPSHOOTER,,,21.0,179.0,,,,,,,,,,,,,,,,,,,,,Gunner,0.0,0.0,0.0,22.5,1.0,271.0,89.0,92.0,90.0,1.0,NONE,66.0,1.0,E,EXPERT,,,33.0,150.0,Commander,0.0,0.0,0.0,32.5,1.0,241.0,83.0,87.0,71.0,1.0,OTHER,64.0,3.0,E,EXPERT,,,145.0,158.0
47,47,A32,3-69 AR,Tank,700,7.0,0.0,4,Driver,0,0,0,,,,,,,,,,,M,,,,,,Loader,0.0,0.0,0.0,,,,,,,,,,,M,,,,,,Gunner,0.0,0.0,0.0,,,,,,,,,,,M,,,,,,Commander,0.0,0.0,0.0,,,,,,,,,,,M,,,,,
48,48,A33,1-64 AR,Tank,700,7.0,0.0,4,Driver,0,0,1,27.5,,,,,,1.0,NONE,72.5,1.0,E,,,SHARPSHOOTER,26.0,215.0,Loader,1.0,0.0,0.0,,,,,,,,,,,M,,,,,,Gunner,0.0,0.0,1.0,22.5,1.0,246.0,81.0,81.0,84.0,1.0,NONE,68.0,1.0,E,EXPERT,MARKSMAN,EXPERT,36.0,165.0,Commander,0.0,0.0,0.0,32.5,1.0,243.0,76.0,85.0,82.0,1.0,PUERTO RICAN,72.0,3.0,E,MARKSMAN,SHARPSHOOTER,MARKSMAN,93.0,181.0
49,49,A33,2-7 IN,Bradley,782,8.0,0.0,3,Driver,0,0,0,27.5,,,,,,1.0,NONE,70.0,1.0,E,EXPERT,,,90.0,133.0,,,,,,,,,,,,,,,,,,,,,Gunner,0.0,0.0,0.0,22.5,1.0,241.0,82.0,89.0,70.0,1.0,NONE,68.0,1.0,E,EXPERT,,,35.0,161.0,Commander,0.0,0.0,0.0,27.5,0.0,164.0,75.0,61.0,28.0,1.0,OTHER,70.0,3.0,E,SHARPSHOOTER,,,98.0,212.0
50,50,A33,3-69 AR,Tank,700,7.0,0.0,4,Driver,0,0,0,,,,,,,,,,,M,,,,,,Loader,1.0,0.0,0.0,,,,,,,,,,,M,,,,,,Gunner,0.0,0.0,0.0,,,,,,,,,,,M,,,,,,Commander,0.0,0.0,0.0,,,,,,,,,,,M,,,,,
51,51,A34,1-64 AR,Tank,700,7.0,0.0,4,Driver,0,0,1,22.5,,,,,,1.0,NONE,68.0,1.0,E,MARKSMAN,,SHARPSHOOTER,17.0,142.0,Loader,0.0,0.0,0.0,18.0,,,,,,,NONE,,1.0,E,,,,18.0,,Gunner,0.0,0.0,1.0,27.5,1.0,281.0,91.0,100.0,90.0,1.0,NONE,70.0,2.0,E,EXPERT,EXPERT,EXPERT,46.0,197.0,Commander,0.0,0.0,1.0,37.5,1.0,277.0,100.0,94.0,83.0,1.0,OTHER,69.0,4.0,E,SHARPSHOOTER,EXPERT,SHARPSHOOTER,199.0,151.0
52,52,A34,2-7 IN,Bradley,879,10.0,1.0,3,Driver,0,0,0,22.5,0.0,244.0,92.0,96.0,56.0,1.0,NONE,69.0,1.0,E,EXPERT,,,34.0,152.0,,,,,,,,,,,,,,,,,,,,,Gunner,0.0,0.0,0.0,27.5,1.0,279.0,92.0,93.0,94.0,1.0,MEXICAN,67.0,1.0,E,EXPERT,,,52.0,173.0,Commander,0.0,0.0,0.0,32.5,1.0,265.0,89.0,81.0,95.0,1.0,OTHER,70.0,4.0,E,EXPERT,,,146.0,186.0
53,53,A34,3-69 AR,Tank,849,8.0,1.0,4,Driver,0,0,0,,,,,,,,,,,M,,,,,,Loader,0.0,0.0,0.0,,,,,,,,,,,M,,,,,,Gunner,0.0,0.0,0.0,,,,,,,,,,,M,,,,,,Commander,0.0,0.0,0.0,,,,,,,,,,,M,,,,,
54,54,A65,1-64 AR,Tank,735,7.0,1.0,4,Driver,0,0,1,22.5,1.0,200.0,65.0,64.0,71.0,1.0,NONE,68.5,1.0,E,MARKSMAN,MARKSMAN,MARKSMAN,38.0,132.0,Loader,1.0,0.0,0.0,,,,,,,,,,,M,,,,,,Gunner,0.0,0.0,1.0,27.5,1.0,272.0,100.0,100.0,72.0,1.0,NONE,68.0,2.0,E,EXPERT,MARKSMAN,MARKSMAN,72.0,187.0,Commander,0.0,0.0,0.0,32.5,1.0,205.0,65.0,74.0,66.0,1.0,OTHER,77.0,4.0,O,EXPERT,,SHARPSHOOTER,57.0,245.0
55,55,A65,2-7 IN,Bradley,803,7.0,0.0,3,Driver,0,0,0,22.5,,,,,,1.0,LATIN AMERICAN WITH HISPANIC DESCENT,68.0,1.0,E,SHARPSHOOTER,,,67.0,183.0,,,,,,,,,,,,,,,,,,,,,Gunner,0.0,0.0,0.0,22.5,1.0,296.0,100.0,100.0,96.0,1.0,NONE,67.0,2.0,E,SHARPSHOOTER,MARKSMAN,,49.0,140.0,Commander,0.0,0.0,0.0,22.5,1.0,300.0,100.0,100.0,100.0,1.0,OTHER,71.0,4.0,O,SHARPSHOOTER,,EXPERT,77.0,188.0
56,56,A65,3-69 AR,Tank,807,8.0,1.0,4,Driver,0,0,0,,,,,,,,,,,M,,,,,,Loader,0.0,0.0,0.0,,,,,,,,,,,M,,,,,,Gunner,0.0,0.0,0.0,,,,,,,,,,,M,,,,,,Commander,0.0,0.0,0.0,,,,,,,,,,,M,,,,,
57,57,A66,1-64 AR,Tank,780,7.0,1.0,4,Driver,0,0,1,22.5,1.0,219.0,63.0,79.0,77.0,1.0,NONE,71.0,1.0,E,SHARPSHOOTER,MARKSMAN,MARKSMAN,39.0,197.0,Loader,0.0,0.0,1.0,22.5,1.0,283.0,100.0,100.0,83.0,1.0,NONE,66.0,1.0,E,SHARPSHOOTER,,EXPERT,29.0,171.0,Gunner,0.0,0.0,1.0,22.5,1.0,261.0,83.0,98.0,80.0,1.0,NONE,68.5,3.0,E,EXPERT,MARKSMAN,MARKSMAN,53.0,173.0,Commander,0.0,0.0,0.0,27.5,1.0,247.0,87.0,83.0,77.0,1.0,NONE,72.0,4.0,O,,SHARPSHOOTER,SHARPSHOOTER,128.0,200.0
58,58,A66,10 BEB,Bradley,740,8.0,0.0,3,Driver,0,0,0,27.5,1.0,219.0,80.0,68.0,71.0,0.0,NONE,66.5,1.0,E,EXPERT,,,41.0,216.0,,,,,,,,,,,,,,,,,,,,,Gunner,0.0,0.0,0.0,22.5,,,,,,1.0,MICRONESIAN,64.0,1.0,E,MARKSMAN,,,29.0,169.0,Commander,0.0,0.0,0.0,32.5,1.0,286.0,95.0,95.0,96.0,1.0,OTHER,68.0,4.0,O,SHARPSHOOTER,,,137.0,201.0
59,59,A66,2-7 IN,Bradley,825,7.0,0.0,3,Driver,0,0,0,22.5,,,,,,1.0,NONE,68.0,1.0,E,EXPERT,,,27.0,141.0,,,,,,,,,,,,,,,,,,,,,Gunner,0.0,1.0,0.0,27.5,1.0,222.0,71.0,73.0,78.0,1.0,OTHER,72.0,3.0,E,EXPERT,SHARPSHOOTER,MARKSMAN,127.0,196.0,Commander,0.0,0.0,0.0,27.5,1.0,256.0,93.0,93.0,70.0,1.0,OTHER,70.0,4.0,O,SHARPSHOOTER,,UNQUALIFIED,124.0,195.0
60,60,A66,3-69 AR,Tank,900,9.0,1.0,4,Driver,0,0,0,,,,,,,,,,,M,,,,,,Loader,0.0,0.0,0.0,,,,,,,,,,,M,,,,,,Gunner,0.0,0.0,0.0,,,,,,,,,,,M,,,,,,Commander,0.0,0.0,0.0,,,,,,,,,,,M,,,,,
61,61,A66,5-7 CAV,Bradley,869,8.0,1.0,3,Driver,0,0,0,,,,,,,,,,,M,,,,,,,,,,,,,,,,,,,,,,,,,,Gunner,0.0,0.0,0.0,,,,,,,,,,,M,,,,,,Commander,0.0,0.0,0.0,,,,,,,,,,,M,,,,,
62,62,B11,10 BEB,Bradley,803,7.0,1.0,3,Driver,0,0,0,22.5,,,,,,1.0,NONE,65.5,1.0,E,MARKSMAN,,EXPERT,23.0,120.0,,,,,,,,,,,,,,,,,,,,,Gunner,0.0,0.0,0.0,32.5,1.0,216.0,74.0,63.0,79.0,1.0,NONE,66.5,1.0,E,EXPERT,,EXPERT,40.0,180.0,Commander,0.0,0.0,0.0,22.5,1.0,271.0,92.0,90.0,89.0,1.0,NONE,67.0,2.0,E,EXPERT,,EXPERT,82.0,197.0
63,63,B11,2-7 IN,Bradley,740,7.0,0.0,3,Driver,1,0,0,,,,,,,,,,,M,,,,,,,,,,,,,,,,,,,,,,,,,,Gunner,0.0,0.0,0.0,27.5,1.0,268.0,89.0,100.0,79.0,1.0,OTHER,70.0,2.0,E,EXPERT,,EXPERT,88.0,187.0,Commander,0.0,0.0,0.0,22.5,,,,,,,OTHER,,4.0,O,SHARPSHOOTER,,,63.0,
64,64,B11,3-69 AR,Tank,855,8.0,1.0,4,Driver,0,0,0,,,,,,,,,,,M,,,,,,Loader,0.0,0.0,0.0,,,,,,,,,,,M,,,,,,Gunner,0.0,0.0,0.0,,,,,,,,,,,M,,,,,,Commander,0.0,0.0,0.0,,,,,,,,,,,M,,,,,
65,65,B11,5-7 CAV,Bradley,812,7.0,0.0,3,Driver,0,0,0,,,,,,,,,,,M,,,,,,,,,,,,,,,,,,,,,,,,,,Gunner,0.0,0.0,0.0,,,,,,,,,,,M,,,,,,Commander,0.0,0.0,0.0,,,,,,,,,,,M,,,,,
66,66,B12,1-64 AR,Tank,700,7.0,0.0,4,Driver,0,0,1,22.5,1.0,263.0,86.0,96.0,81.0,1.0,NONE,67.0,1.0,E,MARKSMAN,,SHARPSHOOTER,31.0,135.0,Loader,0.0,0.0,1.0,22.5,,,,,,,NONE,,1.0,E,,,,20.0,,Gunner,1.0,0.0,0.0,,,,,,,,,,,M,,,,,,Commander,0.0,0.0,1.0,27.5,1.0,80.0,80.0,0.0,0.0,1.0,OTHER HISPANIC DESCENT,72.0,3.0,E,UNQUALIFIED,SHARPSHOOTER,EXPERT,125.0,180.0
67,67,B12,10 BEB,Bradley,774,7.0,0.0,3,Driver,0,0,0,22.5,,,,,,1.0,MEXICAN,63.5,1.0,E,SHARPSHOOTER,,EXPERT,24.0,150.0,,,,,,,,,,,,,,,,,,,,,Gunner,0.0,0.0,0.0,22.5,,,,,,1.0,NONE,65.5,1.0,E,MARKSMAN,,,23.0,180.0,Commander,0.0,0.0,0.0,22.5,1.0,241.0,93.0,74.0,74.0,1.0,NONE,71.0,2.0,E,SHARPSHOOTER,,,58.0,189.0
68,68,B12,2-7 IN,Bradley,747,7.0,1.0,3,Driver,0,0,0,22.5,1.0,276.0,93.0,94.0,89.0,1.0,NONE,71.0,1.0,E,EXPERT,EXPERT,,61.0,222.0,,,,,,,,,,,,,,,,,,,,,Gunner,0.0,0.0,0.0,22.5,1.0,285.0,91.0,94.0,100.0,1.0,OTHER HISPANIC DESCENT,63.0,1.0,E,EXPERT,,,53.0,138.0,Commander,0.0,1.0,0.0,27.5,1.0,282.0,95.0,100.0,87.0,1.0,OTHER,69.0,3.0,E,EXPERT,,,107.0,171.0
69,69,B12,3-69 AR,Tank,749,7.0,1.0,4,Driver,0,0,0,,,,,,,,,,,M,,,,,,Loader,0.0,0.0,0.0,,,,,,,,,,,M,,,,,,Gunner,1.0,0.0,0.0,,,,,,,,,,,M,,,,,,Commander,0.0,0.0,0.0,,,,,,,,,,,M,,,,,
70,70,B12,5-7 CAV,Bradley,790,7.0,0.0,3,Driver,0,0,0,,,,,,,,,,,M,,,,,,,,,,,,,,,,,,,,,,,,,,Gunner,0.0,0.0,0.0,,,,,,,,,,,M,,,,,,Commander,0.0,0.0,0.0,,,,,,,,,,,M,,,,,
71,71,B13,1-64 AR,Tank,700,7.0,0.0,4,Driver,0,0,1,22.5,1.0,259.0,84.0,92.0,83.0,1.0,MEXICAN,69.0,1.0,E,MARKSMAN,EXPERT,EXPERT,53.0,175.0,Loader,1.0,0.0,0.0,,,,,,,,,,,M,,,,,,Gunner,0.0,0.0,1.0,27.5,1.0,257.0,88.0,87.0,82.0,1.0,NONE,68.5,2.0,E,MARKSMAN,SHARPSHOOTER,EXPERT,79.0,209.0,Commander,0.0,0.0,1.0,27.5,1.0,261.0,91.0,87.0,83.0,1.0,OTHER HISPANIC DESCENT,72.5,3.0,E,MARKSMAN,SHARPSHOOTER,EXPERT,87.0,189.0
72,72,B13,10 BEB,Bradley,792,8.0,1.0,3,Driver,0,0,0,22.5,,,,,,1.0,NONE,67.0,1.0,E,SHARPSHOOTER,,,22.0,218.0,,,,,,,,,,,,,,,,,,,,,Gunner,0.0,0.0,0.0,22.5,1.0,200.0,62.0,72.0,66.0,1.0,MEXICAN,71.0,1.0,E,MARKSMAN,,EXPERT,38.0,236.0,Commander,0.0,0.0,0.0,32.5,1.0,274.0,89.0,91.0,94.0,1.0,OTHER HISPANIC DESCENT,70.0,3.0,E,SHARPSHOOTER,,,165.0,215.0
73,73,B13,2-7 IN,Bradley,889,9.0,1.0,3,Driver,0,0,0,27.5,,,,,,1.0,NONE,71.0,1.0,E,EXPERT,MARKSMAN,,26.0,211.0,,,,,,,,,,,,,,,,,,,,,Gunner,0.0,0.0,0.0,22.5,1.0,217.0,70.0,77.0,70.0,,NONE,,1.0,E,EXPERT,SHARPSHOOTER,,67.0,,Commander,0.0,0.0,0.0,22.5,1.0,292.0,99.0,100.0,93.0,,MEXICAN,,3.0,E,EXPERT,SHARPSHOOTER,,69.0,
74,74,B13,3-69 AR,Tank,834,8.0,1.0,4,Driver,0,0,0,,,,,,,,,,,M,,,,,,Loader,1.0,0.0,0.0,,,,,,,,,,,M,,,,,,Gunner,0.0,0.0,0.0,,,,,,,,,,,M,,,,,,Commander,0.0,0.0,0.0,,,,,,,,,,,M,,,,,
75,75,B14,1-64 AR,Tank,769,7.0,1.0,4,Driver,0,0,1,22.5,1.0,200.0,74.0,60.0,66.0,1.0,NONE,73.0,1.0,E,MARKSMAN,MARKSMAN,SHARPSHOOTER,45.0,155.0,Loader,0.0,0.0,1.0,22.5,,,,,,,MEXICAN,,1.0,E,SHARPSHOOTER,,EXPERT,24.0,,Gunner,0.0,0.0,1.0,22.5,1.0,271.0,100.0,100.0,71.0,1.0,NONE,70.0,2.0,E,,,EXPERT,67.0,196.0,Commander,0.0,1.0,0.0,37.5,1.0,176.0,80.0,96.0,0.0,1.0,OTHER,69.5,4.0,E,MARKSMAN,,,154.0,246.0
76,76,B14,2-7 IN,Bradley,720,7.0,1.0,3,Driver,0,0,0,22.5,,,,,,,NONE,,1.0,E,EXPERT,MARKSMAN,,14.0,,,,,,,,,,,,,,,,,,,,,,Gunner,0.0,0.0,0.0,22.5,1.0,235.0,79.0,85.0,71.0,,OTHER,,1.0,E,EXPERT,,,62.0,,Commander,0.0,1.0,0.0,32.5,1.0,232.0,82.0,79.0,71.0,1.0,OTHER,73.0,4.0,E,EXPERT,,,145.0,162.0
77,77,B14,3-69 AR,Tank,835,8.0,1.0,4,Driver,0,0,0,,,,,,,,,,,M,,,,,,Loader,0.0,0.0,0.0,,,,,,,,,,,M,,,,,,Gunner,0.0,0.0,0.0,,,,,,,,,,,M,,,,,,Commander,0.0,0.0,0.0,,,,,,,,,,,M,,,,,
78,78,B14,5-7 CAV,Bradley,771,7.0,0.0,3,Driver,0,0,0,,,,,,,,,,,M,,,,,,,,,,,,,,,,,,,,,,,,,,Gunner,0.0,0.0,0.0,,,,,,,,,,,M,,,,,,Commander,0.0,0.0,0.0,,,,,,,,,,,M,,,,,
79,79,B15,5-7 CAV,Bradley,761,7.0,1.0,3,Driver,0,0,0,,,,,,,,,,,M,,,,,,,,,,,,,,,,,,,,,,,,,,Gunner,0.0,0.0,0.0,,,,,,,,,,,M,,,,,,Commander,0.0,0.0,0.0,,,,,,,,,,,M,,,,,
80,80,B16,5-7 CAV,Bradley,721,7.0,0.0,3,Driver,0,0,0,,,,,,,,,,,M,,,,,,,,,,,,,,,,,,,,,,,,,,Gunner,0.0,0.0,0.0,,,,,,,,,,,M,,,,,,Commander,0.0,0.0,0.0,,,,,,,,,,,M,,,,,
81,81,B21,1-64 AR,Tank,722,7.0,1.0,4,Driver,0,0,1,22.5,1.0,286.0,100.0,100.0,86.0,1.0,NONE,68.0,1.0,E,MARKSMAN,,EXPERT,38.0,154.0,Loader,1.0,0.0,0.0,,,,,,,,,,,M,,,,,,Gunner,1.0,0.0,0.0,,,,,,,,,,,M,,,,,,Commander,0.0,0.0,0.0,22.5,,,,,,1.0,OTHER HISPANIC DESCENT,70.0,4.0,O,EXPERT,,,50.0,177.0
82,82,B21,2-7 IN,Bradley,786,7.0,1.0,3,Driver,0,0,0,22.5,,,,,,1.0,NONE,72.0,1.0,E,EXPERT,,SHARPSHOOTER,25.0,189.0,,,,,,,,,,,,,,,,,,,,,Gunner,0.0,0.0,0.0,27.5,1.0,237.0,79.0,85.0,73.0,1.0,NONE,70.0,2.0,E,EXPERT,SHARPSHOOTER,,134.0,169.0,Commander,0.0,0.0,0.0,27.5,,,,,,1.0,NONE,72.0,4.0,O,EXPERT,,MARKSMAN,80.0,189.0
83,83,B21,3-69 AR,Tank,770,7.0,1.0,4,Driver,0,0,0,,,,,,,,,,,M,,,,,,Loader,0.0,0.0,0.0,,,,,,,,,,,M,,,,,,Gunner,0.0,0.0,0.0,,,,,,,,,,,M,,,,,,Commander,0.0,0.0,0.0,,,,,,,,,,,M,,,,,
84,84,B21,5-7 CAV,Bradley,750,8.0,0.0,3,Driver,0,0,0,,,,,,,,,,,M,,,,,,,,,,,,,,,,,,,,,,,,,,,,,,,,,,,,,,,,,,,,,,Commander,0.0,0.0,0.0,,,,,,,,,,,M,,,,,
85,85,B22,1-64 AR,Tank,700,7.0,0.0,4,Driver,1,0,0,,,,,,,,,,,M,,,,,,Loader,0.0,0.0,1.0,32.5,,,,,,,LATIN AMERICAN WITH HISPANIC DESCENT,,1.0,E,MARKSMAN,,EXPERT,21.0,,Gunner,0.0,0.0,1.0,27.5,1.0,205.0,69.0,62.0,74.0,1.0,NONE,70.0,2.0,E,EXPERT,MARKSMAN,EXPERT,66.0,178.0,Commander,0.0,0.0,1.0,22.5,1.0,232.0,85.0,83.0,64.0,1.0,NONE,71.0,3.0,E,EXPERT,EXPERT,EXPERT,92.0,182.0
86,86,B22,2-7 IN,Bradley,737,7.0,1.0,3,Driver,0,0,0,22.5,,,,,,1.0,NONE,70.0,1.0,E,EXPERT,,MARKSMAN,17.0,152.0,,,,,,,,,,,,,,,,,,,,,Gunner,0.0,0.0,0.0,37.5,1.0,216.0,68.0,65.0,83.0,,NONE,,1.0,E,EXPERT,SHARPSHOOTER,SHARPSHOOTER,31.0,,Commander,0.0,0.0,0.0,27.5,1.0,228.0,76.0,90.0,62.0,1.0,OTHER,65.0,2.0,E,EXPERT,,EXPERT,105.0,167.0
87,87,B22,3-69 AR,Tank,750,7.0,1.0,4,Driver,1,0,0,,,,,,,,,,,M,,,,,,Loader,0.0,0.0,0.0,,,,,,,,,,,M,,,,,,Gunner,0.0,0.0,0.0,,,,,,,,,,,M,,,,,,Commander,0.0,0.0,0.0,,,,,,,,,,,M,,,,,
88,88,B22,5-7 CAV,Bradley,782,7.0,1.0,3,Driver,0,0,0,,,,,,,,,,,M,,,,,,,,,,,,,,,,,,,,,,,,,,Gunner,0.0,0.0,0.0,,,,,,,,,,,M,,,,,,Commander,0.0,0.0,0.0,,,,,,,,,,,M,,,,,
89,89,B23,2-7 IN,Bradley,833,7.0,0.0,3,Driver,0,0,0,22.5,,,,,,1.0,KOREAN,72.0,1.0,E,EXPERT,,MARKSMAN,19.0,160.0,,,,,,,,,,,,,,,,,,,,,Gunner,0.0,0.0,0.0,27.5,1.0,246.0,80.0,72.0,94.0,,NONE,,1.0,E,EXPERT,MARKSMAN,MARKSMAN,32.0,,Commander,0.0,0.0,0.0,32.5,1.0,212.0,63.0,67.0,82.0,1.0,OTHER,68.0,2.0,E,EXPERT,MARKSMAN,EXPERT,101.0,147.0
90,90,B23,3-69 AR,Tank,712,7.0,1.0,4,Driver,0,0,0,,,,,,,,,,,M,,,,,,Loader,1.0,0.0,0.0,,,,,,,,,,,M,,,,,,Gunner,0.0,0.0,0.0,,,,,,,,,,,M,,,,,,Commander,0.0,0.0,0.0,,,,,,,,,,,M,,,,,
91,91,B24,1-64 AR,Tank,789,7.0,1.0,4,Driver,0,0,1,27.5,1.0,282.0,83.0,99.0,100.0,1.0,NONE,64.0,1.0,E,SHARPSHOOTER,EXPERT,MARKSMAN,43.0,174.0,Loader,0.0,0.0,1.0,32.5,,,,,,,NONE,,1.0,E,EXPERT,,,15.0,,Gunner,0.0,0.0,1.0,22.5,1.0,226.0,73.0,85.0,68.0,1.0,NONE,67.0,2.0,E,MARKSMAN,SHARPSHOOTER,SHARPSHOOTER,60.0,147.0,Commander,0.0,0.0,1.0,37.5,1.0,260.0,85.0,92.0,83.0,1.0,OTHER,72.0,4.0,E,EXPERT,EXPERT,EXPERT,196.0,210.0
92,92,B24,2-7 IN,Bradley,847,9.0,1.0,3,Driver,0,0,0,22.5,,,,,,1.0,MEXICAN,71.0,1.0,E,EXPERT,,,26.0,218.0,,,,,,,,,,,,,,,,,,,,,Gunner,0.0,0.0,0.0,27.5,,,,,,1.0,NONE,70.0,1.0,E,EXPERT,,EXPERT,19.0,180.0,Commander,0.0,0.0,0.0,22.5,1.0,210.0,65.0,75.0,70.0,,MEXICAN,,1.0,E,SHARPSHOOTER,SHARPSHOOTER,,49.0,
93,93,B24,3-69 AR,Tank,862,9.0,1.0,4,Driver,0,0,0,,,,,,,,,,,M,,,,,,Loader,0.0,0.0,0.0,,,,,,,,,,,M,,,,,,Gunner,0.0,0.0,0.0,,,,,,,,,,,M,,,,,,Commander,0.0,0.0,0.0,,,,,,,,,,,M,,,,,
94,94,B24,5-7 CAV,Bradley,746,7.0,0.0,3,Driver,0,0,0,,,,,,,,,,,M,,,,,,,,,,,,,,,,,,,,,,,,,,Gunner,0.0,0.0,0.0,,,,,,,,,,,M,,,,,,Commander,0.0,0.0,0.0,,,,,,,,,,,M,,,,,
95,95,B25,5-7 CAV,Bradley,732,7.0,1.0,3,Driver,0,0,0,,,,,,,,,,,M,,,,,,,,,,,,,,,,,,,,,,,,,,,,,,,,,,,,,,,,,,,,,,Commander,0.0,0.0,0.0,,,,,,,,,,,M,,,,,
96,96,B26,5-7 CAV,Bradley,822,7.0,1.0,3,Driver,0,0,0,,,,,,,,,,,M,,,,,,,,,,,,,,,,,,,,,,,,,,Gunner,0.0,0.0,0.0,,,,,,,,,,,M,,,,,,Commander,0.0,0.0,0.0,,,,,,,,,,,M,,,,,
97,97,B31,1-64 AR,Tank,700,7.0,0.0,4,Driver,0,0,1,22.5,,,,,,,NONE,,1.0,E,SHARPSHOOTER,,,24.0,,Loader,0.0,0.0,1.0,22.5,0.0,105.0,34.0,71.0,0.0,0.0,NONE,67.0,1.0,E,UNQUALIFIED,SHARPSHOOTER,,60.0,206.0,Gunner,0.0,0.0,1.0,22.5,1.0,198.0,67.0,70.0,61.0,1.0,NONE,70.0,2.0,E,MARKSMAN,EXPERT,SHARPSHOOTER,61.0,197.0,Commander,0.0,0.0,0.0,22.5,1.0,289.0,100.0,100.0,89.0,,OTHER,,4.0,O,MARKSMAN,,EXPERT,54.0,
98,98,B31,2-7 IN,Bradley,756,7.0,0.0,3,Driver,0,0,0,27.5,1.0,214.0,76.0,71.0,67.0,1.0,NONE,69.0,1.0,E,EXPERT,,MARKSMAN,30.0,165.0,,,,,,,,,,,,,,,,,,,,,Gunner,0.0,0.0,0.0,27.5,1.0,298.0,100.0,98.0,100.0,1.0,NONE,70.0,2.0,E,EXPERT,,,48.0,192.0,Commander,0.0,0.0,0.0,27.5,,,,,,1.0,NONE,71.0,4.0,O,EXPERT,,EXPERT,80.0,207.0
99,99,B31,3-69 AR,Tank,849,8.0,1.0,4,Driver,0,0,0,,,,,,,,,,,M,,,,,,Loader,0.0,0.0,0.0,,,,,,,,,,,M,,,,,,Gunner,0.0,0.0,0.0,,,,,,,,,,,M,,,,,,Commander,0.0,0.0,0.0,,,,,,,,,,,M,,,,,
100,100,B32,1-64 AR,Tank,700,7.0,0.0,4,Driver,0,0,1,22.5,1.0,239.0,81.0,81.0,77.0,1.0,NONE,71.0,1.0,E,MARKSMAN,EXPERT,,54.0,172.0,Loader,0.0,0.0,1.0,22.5,0.0,101.0,23.0,46.0,32.0,,MEXICAN,,1.0,E,,,,23.0,,Gunner,0.0,0.0,0.0,27.5,,,,,,,OTHER,,4.0,O,EXPERT,,EXPERT,78.0,,Commander,0.0,0.0,1.0,27.5,1.0,235.0,69.0,83.0,83.0,1.0,MEXICAN,65.0,3.0,E,SHARPSHOOTER,MARKSMAN,EXPERT,84.0,171.0
101,101,B32,2-7 IN,Bradley,795,8.0,0.0,3,Driver,0,0,0,22.5,,,,,,1.0,MEXICAN,71.0,1.0,E,EXPERT,,EXPERT,12.0,207.0,,,,,,,,,,,,,,,,,,,,,Gunner,0.0,0.0,0.0,27.5,1.0,273.0,95.0,100.0,78.0,1.0,NONE,71.0,2.0,E,EXPERT,,EXPERT,60.0,182.0,Commander,0.0,1.0,0.0,32.5,1.0,264.0,89.0,76.0,99.0,1.0,OTHER,72.0,3.0,E,EXPERT,,MARKSMAN,122.0,215.0
102,102,B32,3-69 AR,Tank,858,9.0,1.0,4,Driver,0,0,0,,,,,,,,,,,M,,,,,,Loader,0.0,0.0,0.0,,,,,,,,,,,M,,,,,,Gunner,0.0,0.0,0.0,,,,,,,,,,,M,,,,,,Commander,0.0,0.0,0.0,,,,,,,,,,,M,,,,,
103,103,B33,1-64 AR,Tank,888,8.0,1.0,4,Driver,0,0,1,27.5,1.0,243.0,83.0,82.0,78.0,,NONE,,1.0,E,MARKSMAN,,EXPERT,28.0,,Loader,1.0,0.0,0.0,,,,,,,,,,,M,,,,,,Gunner,0.0,0.0,1.0,22.5,1.0,268.0,89.0,91.0,88.0,1.0,NONE,70.0,2.0,E,SHARPSHOOTER,EXPERT,SHARPSHOOTER,45.0,164.0,Commander,0.0,0.0,1.0,22.5,1.0,239.0,65.0,78.0,96.0,1.0,NONE,68.0,2.0,E,SHARPSHOOTER,SHARPSHOOTER,SHARPSHOOTER,63.0,138.0
104,104,B33,2-7 IN,Bradley,747,7.0,0.0,3,Driver,0,0,0,22.5,,,,,,1.0,ALEUT,67.0,1.0,E,MARKSMAN,,UNQUALIFIED,12.0,175.0,,,,,,,,,,,,,,,,,,,,,Gunner,0.0,0.0,0.0,22.5,1.0,221.0,68.0,78.0,75.0,1.0,NONE,71.0,1.0,E,EXPERT,,SHARPSHOOTER,41.0,190.0,Commander,0.0,0.0,0.0,27.5,1.0,265.0,87.0,96.0,82.0,1.0,OTHER,67.0,3.0,E,SHARPSHOOTER,,UNQUALIFIED,97.0,207.0
105,105,B33,3-69 AR,Tank,700,7.0,0.0,4,Driver,0,0,0,,,,,,,,,,,M,,,,,,Loader,1.0,0.0,0.0,,,,,,,,,,,M,,,,,,Gunner,0.0,0.0,0.0,,,,,,,,,,,M,,,,,,Commander,0.0,0.0,0.0,,,,,,,,,,,M,,,,,
106,106,B34,1-64 AR,Tank,700,7.0,0.0,4,Driver,1,0,0,,,,,,,,,,,M,,,,,,Loader,0.0,0.0,1.0,18.0,,,,,,,NONE,,1.0,E,,,,15.0,,Gunner,0.0,0.0,1.0,22.5,1.0,214.0,82.0,72.0,60.0,1.0,NONE,69.0,2.0,E,MARKSMAN,SHARPSHOOTER,EXPERT,59.0,180.0,Commander,0.0,0.0,1.0,37.5,1.0,275.0,100.0,100.0,75.0,1.0,OTHER,69.5,4.0,E,SHARPSHOOTER,EXPERT,EXPERT,209.0,178.0
107,107,B34,2-7 IN,Bradley,792,7.0,1.0,3,Driver,0,0,0,27.5,1.0,265.0,77.0,99.0,89.0,1.0,NONE,75.0,1.0,E,EXPERT,,,35.0,168.0,,,,,,,,,,,,,,,,,,,,,Gunner,0.0,0.0,0.0,22.5,,,,,,1.0,NONE,71.0,1.0,E,EXPERT,,EXPERT,28.0,213.0,Commander,0.0,0.0,0.0,32.5,1.0,257.0,69.0,88.0,100.0,1.0,OTHER,75.0,3.0,E,EXPERT,,EXPERT,154.0,217.0
108,108,B34,3-69 AR,Tank,806,8.0,1.0,4,Driver,1,0,0,,,,,,,,,,,M,,,,,,Loader,0.0,0.0,0.0,,,,,,,,,,,M,,,,,,Gunner,0.0,0.0,0.0,,,,,,,,,,,M,,,,,,Commander,0.0,0.0,0.0,,,,,,,,,,,M,,,,,
109,109,B65,1-64 AR,Tank,700,7.0,0.0,4,Driver,1,0,0,,,,,,,,,,,M,,,,,,Loader,0.0,0.0,1.0,22.5,1.0,221.0,76.0,81.0,64.0,1.0,NONE,69.5,1.0,E,,MARKSMAN,EXPERT,32.0,166.0,Gunner,1.0,0.0,0.0,,,,,,,,,,,M,,,,,,Commander,0.0,0.0,0.0,27.5,1.0,226.0,83.0,77.0,66.0,1.0,OTHER,71.0,4.0,O,MARKSMAN,,EXPERT,74.0,161.0
110,110,B65,2-7 IN,Bradley,917,10.0,0.0,3,Driver,0,0,0,32.5,,,,,,,NONE,,1.0,E,EXPERT,,,33.0,,,,,,,,,,,,,,,,,,,,,,Gunner,0.0,0.0,0.0,27.5,1.0,297.0,100.0,100.0,97.0,,NONE,,2.0,E,EXPERT,,EXPERT,70.0,,Commander,0.0,0.0,0.0,27.5,,,,,,1.0,OTHER,67.0,4.0,O,EXPERT,,,66.0,178.0
111,111,B65,3-69 AR,Tank,727,7.0,1.0,4,Driver,1,0,0,,,,,,,,,,,M,,,,,,Loader,0.0,0.0,0.0,,,,,,,,,,,M,,,,,,Gunner,1.0,0.0,0.0,,,,,,,,,,,M,,,,,,Commander,0.0,0.0,0.0,,,,,,,,,,,M,,,,,
112,112,B66,1-64 AR,Tank,747,7.0,1.0,4,Driver,0,0,1,22.5,,,,,,,NONE,,1.0,E,,,EXPERT,31.0,,Loader,0.0,0.0,1.0,22.5,1.0,217.0,62.0,83.0,72.0,1.0,NONE,71.0,1.0,E,MARKSMAN,SHARPSHOOTER,SHARPSHOOTER,49.0,168.0,Gunner,0.0,0.0,1.0,22.5,1.0,267.0,89.0,96.0,82.0,1.0,NONE,67.0,2.0,E,EXPERT,SHARPSHOOTER,EXPERT,45.0,153.0,Commander,0.0,0.0,0.0,32.5,1.0,242.0,78.0,88.0,76.0,1.0,OTHER,69.0,4.0,O,MARKSMAN,MARKSMAN,,106.0,170.0
113,113,B66,2-7 IN,Bradley,906,9.0,0.0,3,Driver,0,0,0,18.0,,,,,,,NONE,,1.0,E,,,EXPERT,22.0,,,,,,,,,,,,,,,,,,,,,,Gunner,0.0,0.0,0.0,27.5,1.0,271.0,92.0,96.0,83.0,,OTHER,,3.0,E,EXPERT,EXPERT,EXPERT,102.0,,Commander,0.0,0.0,0.0,32.5,1.0,270.0,99.0,86.0,85.0,1.0,OTHER,66.0,4.0,O,MARKSMAN,,SHARPSHOOTER,152.0,160.0
114,114,B66,3-69 AR,Tank,749,7.0,1.0,4,Driver,0,0,0,,,,,,,,,,,M,,,,,,Loader,0.0,0.0,0.0,,,,,,,,,,,M,,,,,,Gunner,0.0,0.0,0.0,,,,,,,,,,,M,,,,,,Commander,0.0,0.0,0.0,,,,,,,,,,,M,,,,,
115,115,B66,5-7 CAV,Bradley,781,7.0,1.0,3,Driver,0,0,0,,,,,,,,,,,M,,,,,,,,,,,,,,,,,,,,,,,,,,Gunner,0.0,0.0,0.0,,,,,,,,,,,M,,,,,,Commander,0.0,0.0,0.0,,,,,,,,,,,M,,,,,
116,116,C11,1-64 AR,Bradley,753,8.0,1.0,3,Driver,0,0,0,22.5,1.0,218.0,65.0,84.0,69.0,,NONE,,1.0,E,,,,22.0,,,,,,,,,,,,,,,,,,,,,,Gunner,0.0,0.0,0.0,32.5,1.0,188.0,60.0,60.0,68.0,1.0,NONE,70.0,2.0,E,MARKSMAN,,,145.0,219.0,Commander,0.0,0.0,0.0,22.5,,,,,,1.0,OTHER,66.0,4.0,O,,,,48.0,155.0
117,117,C11,2-7 IN,Tank,867,9.0,1.0,4,Driver,0,0,1,22.5,1.0,206.0,84.0,61.0,61.0,1.0,NONE,68.0,1.0,E,EXPERT,SHARPSHOOTER,EXPERT,38.0,203.0,Loader,0.0,0.0,1.0,18.0,,,,,,1.0,NONE,66.0,1.0,E,,,MARKSMAN,11.0,140.0,Gunner,0.0,0.0,1.0,27.5,1.0,236.0,79.0,90.0,67.0,1.0,NONE,67.0,2.0,E,EXPERT,MARKSMAN,EXPERT,61.0,157.0,Commander,0.0,0.0,0.0,27.5,,,,,,1.0,OTHER,71.0,4.0,O,EXPERT,MARKSMAN,EXPERT,54.0,222.0
118,118,C11,3-69 AR,Bradley,700,7.0,0.0,3,Driver,0,0,0,,,,,,,,,,,M,,,,,,,,,,,,,,,,,,,,,,,,,,Gunner,0.0,0.0,0.0,,,,,,,,,,,M,,,,,,Commander,0.0,0.0,0.0,,,,,,,,,,,M,,,,,
119,119,C12,1-64 AR,Bradley,855,8.0,1.0,3,Driver,0,0,0,22.5,1.0,231.0,71.0,71.0,89.0,,NONE,,1.0,E,,,,24.0,,,,,,,,,,,,,,,,,,,,,,Gunner,0.0,0.0,0.0,27.5,1.0,237.0,73.0,82.0,82.0,1.0,NONE,64.0,1.0,E,EXPERT,,,21.0,180.0,Commander,0.0,0.0,0.0,32.5,1.0,265.0,86.0,90.0,89.0,1.0,OTHER,70.0,3.0,E,EXPERT,,,178.0,193.0
120,120,C12,2-7 IN,Tank,812,7.0,1.0,4,Driver,0,0,1,22.5,,,,,,1.0,NONE,68.5,1.0,E,MARKSMAN,MARKSMAN,MARKSMAN,17.0,171.0,Loader,0.0,0.0,1.0,22.5,,,,,,1.0,NONE,66.0,1.0,E,,EXPERT,SHARPSHOOTER,31.0,178.0,Gunner,0.0,0.0,1.0,22.5,1.0,219.0,65.0,68.0,86.0,1.0,NONE,72.0,2.0,E,MARKSMAN,MARKSMAN,MARKSMAN,53.0,164.0,Commander,0.0,0.0,1.0,27.5,1.0,245.0,85.0,90.0,70.0,1.0,OTHER,72.0,3.0,E,MARKSMAN,SHARPSHOOTER,SHARPSHOOTER,109.0,229.0
121,121,C12,3-69 AR,Bradley,700,7.0,0.0,3,Driver,0,0,0,,,,,,,,,,,M,,,,,,,,,,,,,,,,,,,,,,,,,,Gunner,0.0,0.0,0.0,,,,,,,,,,,M,,,,,,Commander,0.0,0.0,0.0,,,,,,,,,,,M,,,,,
122,122,C13,1-64 AR,Bradley,796,7.0,1.0,3,Driver,0,0,0,22.5,,,,,,,CUBAN,,1.0,E,,,,21.0,,,,,,,,,,,,,,,,,,,,,,Gunner,0.0,0.0,0.0,18.0,,,,,,,MEXICAN,,1.0,E,,,,18.0,,Commander,0.0,0.0,0.0,32.5,1.0,158.0,71.0,87.0,0.0,0.0,OTHER,72.0,3.0,E,SHARPSHOOTER,EXPERT,,117.0,230.0
123,123,C13,2-7 IN,Tank,848,8.0,1.0,4,Driver,0,0,1,22.5,1.0,234.0,63.0,90.0,81.0,1.0,NONE,70.0,1.0,E,,EXPERT,EXPERT,50.0,166.0,Loader,1.0,0.0,0.0,,,,,,,,,,,M,,,,,,Gunner,0.0,0.0,1.0,27.5,1.0,228.0,79.0,89.0,60.0,1.0,NONE,72.0,1.0,E,MARKSMAN,MARKSMAN,SHARPSHOOTER,38.0,208.0,Commander,0.0,0.0,1.0,32.5,1.0,223.0,66.0,84.0,73.0,1.0,NONE,68.5,3.0,E,SHARPSHOOTER,MARKSMAN,MARKSMAN,176.0,193.0
124,124,C13,3-69 AR,Bradley,798,7.0,1.0,3,Driver,0,0,0,,,,,,,,,,,M,,,,,,,,,,,,,,,,,,,,,,,,,,Gunner,0.0,0.0,0.0,,,,,,,,,,,M,,,,,,Commander,0.0,0.0,0.0,,,,,,,,,,,M,,,,,
125,125,C14,1-64 AR,Bradley,905,9.0,1.0,3,Driver,0,0,0,22.5,,,,,,,MEXICAN,,1.0,E,,,,27.0,,,,,,,,,,,,,,,,,,,,,,Gunner,0.0,0.0,0.0,22.5,,,,,,,NONE,,1.0,E,MARKSMAN,SHARPSHOOTER,,35.0,,Commander,0.0,0.0,1.0,37.5,1.0,232.0,80.0,82.0,70.0,1.0,OTHER,67.0,4.0,E,SHARPSHOOTER,EXPERT,,246.0,171.0
126,126,C14,2-7 IN,Tank,924,9.0,1.0,4,Driver,0,0,1,22.5,1.0,243.0,77.0,85.0,81.0,1.0,NONE,64.0,1.0,E,,MARKSMAN,MARKSMAN,36.0,151.0,Loader,0.0,0.0,1.0,22.5,1.0,211.0,68.0,82.0,61.0,1.0,NONE,63.0,2.0,E,MARKSMAN,MARKSMAN,MARKSMAN,74.0,118.0,Gunner,0.0,0.0,1.0,22.5,1.0,223.0,65.0,77.0,81.0,1.0,NONE,69.0,1.0,E,MARKSMAN,,SHARPSHOOTER,38.0,168.0,Commander,0.0,0.0,1.0,32.5,1.0,236.0,79.0,95.0,62.0,1.0,OTHER,64.0,4.0,E,MARKSMAN,EXPERT,MARKSMAN,108.0,179.0
127,127,C14,3-69 AR,Bradley,913,10.0,1.0,3,Driver,0,0,0,,,,,,,,,,,M,,,,,,,,,,,,,,,,,,,,,,,,,,Gunner,0.0,0.0,0.0,,,,,,,,,,,M,,,,,,Commander,0.0,0.0,0.0,,,,,,,,,,,M,,,,,
128,128,C21,1-64 AR,Bradley,774,7.0,1.0,3,Driver,0,0,0,27.5,,,,,,,PUERTO RICAN,,1.0,E,MARKSMAN,,,14.0,,,,,,,,,,,,,,,,,,,,,,Gunner,0.0,0.0,0.0,22.5,1.0,265.0,100.0,72.0,93.0,,NONE,,2.0,E,EXPERT,SHARPSHOOTER,,39.0,,Commander,0.0,0.0,0.0,32.5,1.0,241.0,87.0,76.0,78.0,1.0,OTHER,74.0,4.0,O,MARKSMAN,,,132.0,227.0
129,129,C21,2-7 IN,Tank,872,8.0,1.0,4,Driver,0,0,1,22.5,1.0,224.0,76.0,88.0,60.0,0.0,NONE,63.0,1.0,E,EXPERT,,MARKSMAN,38.0,160.0,Loader,0.0,0.0,1.0,27.5,,,,,,1.0,NONE,70.0,1.0,E,,EXPERT,EXPERT,13.0,236.0,Gunner,0.0,0.0,1.0,27.5,1.0,212.0,70.0,61.0,81.0,1.0,NONE,75.0,1.0,E,EXPERT,EXPERT,EXPERT,130.0,214.0,Commander,0.0,0.0,0.0,32.5,1.0,249.0,92.0,91.0,66.0,1.0,OTHER,71.0,4.0,O,EXPERT,,MARKSMAN,104.0,188.0
130,130,C21,3-69 AR,Bradley, 790,8.0,1.0,3,Driver,0,0,0,,,,,,,,,,,M,,,,,,,,,,,,,,,,,,,,,,,,,,Gunner,0.0,0.0,0.0,,,,,,,,,,,M,,,,,,Commander,0.0,0.0,0.0,,,,,,,,,,,M,,,,,
131,131,C22,1-64 AR,Bradley,723,7.0,1.0,3,Driver,0,0,0,22.5,,,,,,,NONE,,1.0,E,,,,56.0,,,,,,,,,,,,,,,,,,,,,,Gunner,0.0,0.0,0.0,32.5,1.0,234.0,80.0,73.0,81.0,1.0,NONE,69.0,2.0,E,EXPERT,EXPERT,,55.0,210.0,Commander,0.0,0.0,0.0,27.5,1.0,252.0,87.0,94.0,71.0,0.0,OTHER,68.0,2.0,E,EXPERT,,,137.0,209.0
132,132,C22,2-7 IN,Tank,939,10.0,1.0,4,Driver,0,0,1,22.5,1.0,250.0,71.0,83.0,96.0,0.0,MEXICAN,64.0,1.0,E,MARKSMAN,UNQUALIFIED,MARKSMAN,46.0,164.0,Loader,1.0,0.0,0.0,,,,,,,,,,,M,,,,,,Gunner,0.0,0.0,1.0,27.5,1.0,184.0,60.0,60.0,64.0,1.0,PUERTO RICAN,68.0,2.0,E,EXPERT,EXPERT,EXPERT,38.0,212.0,Commander,0.0,0.0,1.0,32.5,1.0,204.0,65.0,78.0,61.0,1.0,MICRONESIAN,70.0,3.0,E,EXPERT,SHARPSHOOTER,EXPERT,61.0,214.0
133,133,C22,3-69 AR,Bradley,700,7.0,0.0,3,Driver,0,0,0,,,,,,,,,,,M,,,,,,,,,,,,,,,,,,,,,,,,,,Gunner,0.0,0.0,0.0,,,,,,,,,,,M,,,,,,Commander,0.0,0.0,0.0,,,,,,,,,,,M,,,,,
134,134,C23,1-64 AR,Bradley,796,7.0,1.0,3,Driver,0,0,0,32.5,1.0,228.0,70.0,82.0,76.0,,MEXICAN,,1.0,E,EXPERT,,,17.0,,,,,,,,,,,,,,,,,,,,,,Gunner,0.0,0.0,0.0,22.5,1.0,189.0,65.0,63.0,61.0,1.0,NONE,67.0,2.0,E,MARKSMAN,EXPERT,,61.0,176.0,Commander,0.0,1.0,0.0,32.5,1.0,231.0,74.0,83.0,74.0,1.0,OTHER,76.0,3.0,E,EXPERT,EXPERT,,139.0,231.0
135,135,C23,2-7 IN,Tank,727,7.0,1.0,2,Driver,0,0,1,32.5,,,,,,1.0,OTHER HISPANIC DESCENT,67.0,1.0,E,EXPERT,MARKSMAN,SHARPSHOOTER,27.0,141.0,,,,,,,,,,,,,,,,,,,,,Gunner,0.0,0.0,1.0,22.5,1.0,256.0,100.0,66.0,90.0,1.0,NONE,69.0,2.0,E,EXPERT,,,36.0,151.0,,,,,,,,,,,,,,,,,,,,
136,136,C23,3-69 AR,Bradley, 817,8.0,1.0,3,Driver,0,0,0,,,,,,,,,,,M,,,,,,,,,,,,,,,,,,,,,,,,,,Gunner,0.0,0.0,0.0,,,,,,,,,,,M,,,,,,Commander,0.0,0.0,0.0,,,,,,,,,,,M,,,,,
137,137,C24,1-64 AR,Bradley,700,7.0,0.0,3,Driver,0,0,0,27.5,1.0,224.0,75.0,71.0,78.0,,NONE,,1.0,E,EXPERT,,,23.0,,,,,,,,,,,,,,,,,,,,,,Gunner,0.0,0.0,0.0,22.5,1.0,219.0,70.0,70.0,79.0,,NONE,,1.0,E,EXPERT,EXPERT,,38.0,,Commander,0.0,0.0,0.0,32.5,1.0,278.0,98.0,93.0,87.0,1.0,MEXICAN,65.0,4.0,E,EXPERT,,,164.0,190.0
138,138,C24,2-7 IN,Tank,913,10.0,1.0,4,Driver,0,0,0,22.5,1.0,267.0,86.0,100.0,81.0,1.0,NONE,72.0,2.0,E,MARKSMAN,EXPERT,EXPERT,53.0,190.0,Loader,0.0,0.0,1.0,18.0,,,,,,1.0,NONE,68.0,1.0,E,,,MARKSMAN,16.0,164.0,Gunner,0.0,0.0,1.0,27.5,,,,,,1.0,NONE,66.0,1.0,E,EXPERT,UNQUALIFIED,EXPERT,23.0,203.0,Commander,0.0,1.0,1.0,27.5,1.0,240.0,83.0,89.0,68.0,1.0,OTHER,71.0,4.0,E,EXPERT,EXPERT,SHARPSHOOTER,137.0,198.0
139,139,C24,3-69 AR,Bradley,740,7.0,1.0,3,Driver,0,0,0,,,,,,,,,,,M,,,,,,,,,,,,,,,,,,,,,,,,,,Gunner,0.0,0.0,0.0,,,,,,,,,,,M,,,,,,Commander,0.0,0.0,0.0,,,,,,,,,,,M,,,,,
140,140,C31,1-64 AR,Bradley,888,9.0,1.0,3,Driver,0,0,0,22.5,1.0,208.0,71.0,77.0,60.0,1.0,NONE,64.0,1.0,E,EXPERT,,MARKSMAN,38.0,192.0,,,,,,,,,,,,,,,,,,,,,Gunner,0.0,0.0,0.0,22.5,1.0,246.0,85.0,100.0,61.0,1.0,NONE,69.0,2.0,E,EXPERT,EXPERT,,62.0,203.0,Commander,0.0,0.0,0.0,22.5,,,,,,1.0,CUBAN,72.0,4.0,O,MARKSMAN,,,68.0,191.0
141,141,C31,2-7 IN,Tank,804,8.0,1.0,4,Driver,0,0,1,22.5,,,,,,1.0,NONE,70.0,1.0,E,,SHARPSHOOTER,EXPERT,26.0,166.0,Loader,0.0,0.0,1.0,22.5,,,,,,1.0,NONE,72.0,1.0,E,,SHARPSHOOTER,SHARPSHOOTER,27.0,227.0,Gunner,0.0,0.0,1.0,27.5,1.0,261.0,87.0,93.0,81.0,1.0,NONE,69.0,3.0,E,SHARPSHOOTER,MARKSMAN,MARKSMAN,76.0,199.0,Commander,0.0,0.0,0.0,27.5,,,,,,1.0,OTHER,71.0,4.0,O,EXPERT,MARKSMAN,MARKSMAN,78.0,180.0
142,142,C31,3-69 AR,Bradley,754,7.0,1.0,3,Driver,0,0,0,,,,,,,,,,,M,,,,,,,,,,,,,,,,,,,,,,,,,,Gunner,0.0,0.0,0.0,,,,,,,,,,,M,,,,,,Commander,0.0,0.0,0.0,,,,,,,,,,,M,,,,,
143,143,C32,1-64 AR,Bradley,835,8.0,1.0,3,Driver,0,0,0,22.5,,,,,,,NONE,,1.0,E,EXPERT,,,16.0,,,,,,,,,,,,,,,,,,,,,,Gunner,0.0,0.0,0.0,22.5,,,,,,,OTHER HISPANIC DESCENT,,1.0,E,,,,11.0,,Commander,0.0,1.0,0.0,22.5,1.0,260.0,93.0,100.0,67.0,1.0,NONE,73.0,3.0,E,EXPERT,,,72.0,199.0
144,144,C32,2-7 IN,Tank,915,10.0,1.0,4,Driver,0,0,1,22.5,1.0,229.0,76.0,71.0,82.0,1.0,NONE,68.0,1.0,E,EXPERT,SHARPSHOOTER,EXPERT,44.0,142.0,Loader,0.0,0.0,1.0,22.5,1.0,189.0,63.0,60.0,66.0,1.0,NONE,68.0,1.0,E,,EXPERT,EXPERT,26.0,140.0,Gunner,0.0,0.0,1.0,27.5,1.0,233.0,75.0,94.0,64.0,1.0,NONE,66.0,2.0,E,EXPERT,UNQUALIFIED,MARKSMAN,38.0,146.0,Commander,0.0,0.0,1.0,27.5,1.0,290.0,100.0,100.0,90.0,1.0,NONE,65.0,3.0,E,SHARPSHOOTER,EXPERT,MARKSMAN,76.0,140.0
145,145,C33,1-64 AR,Bradley,855,9.0,1.0,3,Driver,0,0,0,22.5,,,,,,,NONE,,1.0,E,EXPERT,,,14.0,,,,,,,,,,,,,,,,,,,,,,Gunner,0.0,0.0,0.0,22.5,1.0,186.0,60.0,65.0,61.0,1.0,NONE,65.0,1.0,E,SHARPSHOOTER,,,52.0,195.0,Commander,0.0,0.0,0.0,27.5,1.0,240.0,72.0,99.0,69.0,1.0,OTHER,68.0,3.0,E,EXPERT,,,116.0,203.0
146,146,C33,2-7 IN,Tank,700,7.0,0.0,4,Driver,0,0,1,22.5,,,,,,1.0,NONE,73.0,1.0,E,,MARKSMAN,SHARPSHOOTER,18.0,169.0,Loader,1.0,0.0,0.0,,,,,,,,,,,M,,,,,,Gunner,0.0,0.0,1.0,22.5,1.0,233.0,83.0,69.0,81.0,1.0,NONE,67.0,2.0,E,EXPERT,MARKSMAN,EXPERT,70.0,175.0,Commander,0.0,0.0,1.0,27.5,1.0,274.0,100.0,100.0,74.0,1.0,OTHER,61.0,3.0,E,MARKSMAN,SHARPSHOOTER,EXPERT,105.0,169.0
147,147,C33,3-69 AR,Bradley,907,9.0,1.0,3,Driver,0,0,0,,,,,,,,,,,M,,,,,,,,,,,,,,,,,,,,,,,,,,Gunner,0.0,0.0,0.0,,,,,,,,,,,M,,,,,,Commander,0.0,0.0,0.0,,,,,,,,,,,M,,,,,
148,148,C34,1-64 AR,Bradley,897,9.0,1.0,3,Driver,0,0,0,22.5,1.0,218.0,70.0,70.0,78.0,,NONE,,1.0,E,EXPERT,,,26.0,,,,,,,,,,,,,,,,,,,,,,Gunner,0.0,0.0,0.0,22.5,1.0,253.0,84.0,88.0,81.0,,NONE,,2.0,E,EXPERT,,,52.0,,Commander,0.0,0.0,0.0,37.5,1.0,262.0,91.0,92.0,79.0,1.0,OTHER,68.0,4.0,E,EXPERT,EXPERT,,211.0,155.0
149,149,C34,2-7 IN,Tank,758,7.0,1.0,4,Driver,0,0,0,22.5,1.0,232.0,81.0,87.0,64.0,1.0,NONE,69.0,1.0,E,EXPERT,SHARPSHOOTER,SHARPSHOOTER,38.0,205.0,Loader,0.0,0.0,0.0,22.5,,,,,,1.0,PUERTO RICAN,68.0,1.0,E,,,,21.0,132.0,Gunner,0.0,0.0,1.0,32.5,1.0,253.0,94.0,91.0,68.0,1.0,OTHER,70.0,2.0,E,MARKSMAN,MARKSMAN,MARKSMAN,115.0,183.0,Commander,0.0,0.0,1.0,37.5,1.0,237.0,88.0,86.0,63.0,1.0,OTHER,67.0,4.0,E,SHARPSHOOTER,MARKSMAN,MARKSMAN,216.0,230.0
150,150,C34,3-69 AR,Bradley,797,7.0,1.0,3,Driver,0,0,0,,,,,,,,,,,M,,,,,,,,,,,,,,,,,,,,,,,,,,Gunner,0.0,0.0,0.0,,,,,,,,,,,M,,,,,,Commander,0.0,0.0,0.0,,,,,,,,,,,M,,,,,
151,151,C65,1-64 AR,Bradley,855,8.0,1.0,3,Driver,0,0,0,22.5,,,,,,,NONE,,1.0,E,SHARPSHOOTER,,,34.0,,,,,,,,,,,,,,,,,,,,,,Gunner,0.0,0.0,0.0,22.5,,,,,,,NONE,,1.0,E,,MARKSMAN,,28.0,,Commander,0.0,0.0,0.0,27.5,1.0,300.0,100.0,100.0,100.0,,NONE,,4.0,O,EXPERT,SHARPSHOOTER,,80.0,
152,152,C65,2-7 IN,Tank,839,7.0,1.0,4,Driver,0,0,0,22.5,1.0,231.0,82.0,75.0,74.0,1.0,NONE,73.0,1.0,E,,,,38.0,235.0,Loader,1.0,0.0,0.0,,,,,,,,,,,M,,,,,,Gunner,0.0,0.0,1.0,27.5,1.0,206.0,75.0,68.0,63.0,1.0,NONE,70.0,2.0,E,SHARPSHOOTER,SHARPSHOOTER,EXPERT,52.0,194.0,Commander,0.0,0.0,0.0,22.5,1.0,290.0,97.0,94.0,99.0,1.0,OTHER,67.0,4.0,O,EXPERT,EXPERT,EXPERT,80.0,168.0
153,153,C65,3-69 AR,Bradley,700,7.0,0.0,3,Driver,0,0,0,,,,,,,,,,,M,,,,,,,,,,,,,,,,,,,,,,,,,,Gunner,0.0,0.0,0.0,,,,,,,,,,,M,,,,,,Commander,0.0,0.0,0.0,,,,,,,,,,,M,,,,,
154,154,C66,1-64 AR,Bradley,753,7.0,1.0,3,Driver,0,0,0,22.5,,,,,,,NONE,,1.0,E,EXPERT,,,22.0,,,,,,,,,,,,,,,,,,,,,,Gunner,0.0,0.0,0.0,27.5,1.0,190.0,60.0,62.0,68.0,1.0,MICRONESIAN,66.0,2.0,E,EXPERT,,,69.0,176.0,Commander,0.0,0.0,0.0,27.5,1.0,300.0,100.0,100.0,100.0,1.0,OTHER,68.0,4.0,O,EXPERT,,EXPERT,103.0,159.0
155,155,C66,2-7 IN,Tank,826,8.0,1.0,4,Driver,0,0,1,22.5,1.0,229.0,70.0,99.0,60.0,1.0,NONE,71.0,1.0,E,SHARPSHOOTER,SHARPSHOOTER,EXPERT,67.0,234.0,Loader,0.0,0.0,1.0,32.5,,,,,,1.0,NONE,69.0,1.0,E,,,SHARPSHOOTER,107.0,162.0,Gunner,0.0,0.0,1.0,22.5,1.0,194.0,60.0,71.0,63.0,1.0,NONE,68.0,2.0,E,SHARPSHOOTER,SHARPSHOOTER,MARKSMAN,61.0,165.0,Commander,0.0,0.0,0.0,37.5,1.0,271.0,94.0,82.0,95.0,1.0,OTHER,75.0,4.0,O,MARKSMAN,SHARPSHOOTER,SHARPSHOOTER,230.0,180.0
156,156,C66,3-69 AR,Bradley,832,7.0,1.0,3,Driver,0,0,0,,,,,,,,,,,M,,,,,,,,,,,,,,,,,,,,,,,,,,Gunner,0.0,0.0,0.0,,,,,,,,,,,M,,,,,,Commander,0.0,0.0,0.0,,,,,,,,,,,M,,,,,
157,157,HQ 66,10 BEB,Bradley,700,7.0,0.0,3,Driver,0,0,0,27.5,,,,,,1.0,OTHER ASIAN DESCENT,68.5,1.0,E,MARKSMAN,,,29.0,174.0,,,,,,,,,,,,,,,,,,,,,Gunner,0.0,0.0,0.0,37.5,1.0,245.0,80.0,74.0,91.0,1.0,NONE,69.0,2.0,E,MARKSMAN,,EXPERT,158.0,211.0,Commander,0.0,0.0,0.0,42.5,1.0,296.0,100.0,96.0,100.0,1.0,OTHER,68.0,4.0,O,,EXPERT,SHARPSHOOTER,250.0,167.0
158,158,HQ 66,10 BEB,Bradley,814,7.0,1.0,3,Driver,0,0,0,22.5,0.0,214.0,46.0,68.0,100.0,1.0,NONE,74.0,1.0,E,EXPERT,,,39.0,164.0,,,,,,,,,,,,,,,,,,,,,Gunner,0.0,0.0,0.0,27.5,1.0,300.0,100.0,100.0,100.0,1.0,NONE,72.0,2.0,E,EXPERT,,,72.0,188.0,Commander,0.0,0.0,0.0,,1.0,286.0,98.0,100.0,88.0,1.0,UNREPORTED,67.0,4.0,O,EXPERT,SHARPSHOOTER,,332.0,183.0
159,159,HQ63,2-7 IN,Bradley,817,7.0,0.0,3,Driver,0,0,0,22.5,1.0,225.0,70.0,88.0,67.0,1.0,NONE,72.0,1.0,E,EXPERT,,,37.0,220.0,,,,,,,,,,,,,,,,,,,,,Gunner,0.0,0.0,0.0,32.5,1.0,222.0,64.0,83.0,75.0,1.0,NONE,66.0,2.0,E,MARKSMAN,,,51.0,164.0,Commander,0.0,0.0,0.0,32.5,1.0,290.0,100.0,100.0,90.0,1.0,OTHER,73.0,4.0,O,EXPERT,,,101.0,249.0
160,160,HQ66,2-7 IN,Tank,886,8.0,1.0,4,Driver,0,0,1,22.5,,,,,,1.0,NONE,64.0,1.0,E,,,,22.0,190.0,Loader,0.0,0.0,0.0,22.5,0.0,162.0,49.0,93.0,20.0,1.0,MEXICAN,66.0,1.0,E,EXPERT,,,38.0,168.0,Gunner,0.0,0.0,1.0,27.5,1.0,254.0,85.0,100.0,69.0,1.0,NONE,67.0,2.0,E,MARKSMAN,EXPERT,,77.0,195.0,Commander,0.0,0.0,0.0,42.5,1.0,296.0,100.0,100.0,96.0,1.0,OTHER,66.0,4.0,O,SHARPSHOOTER,EXPERT,EXPERT,234.0,160.0
161,161,Scout 1,1-64 AR,Bradley,786,7.0,1.0,3,Driver,0,0,1,22.5,,,,,,,NONE,,1.0,E,,,,12.0,,,,,,,,,,,,,,,,,,,,,,Gunner,0.0,0.0,1.0,27.5,1.0,240.0,79.0,100.0,61.0,1.0,NONE,64.0,1.0,E,MARKSMAN,,,78.0,124.0,Commander,0.0,0.0,0.0,27.5,1.0,244.0,77.0,86.0,81.0,1.0,OTHER,75.0,3.0,E,EXPERT,SHARPSHOOTER,,120.0,211.0
162,162,Scout 1,3-69 AR,Bradley,740,7.0,1.0,3,Driver,0,0,0,,,,,,,,,,,M,,,,,,,,,,,,,,,,,,,,,,,,,,Gunner,0.0,0.0,0.0,,,,,,,,,,,M,,,,,,Commander,0.0,0.0,0.0,,,,,,,,,,,M,,,,,
163,163,Scout 2,1-64 AR,Bradley,766,7.0,1.0,3,Driver,0,0,1,22.5,1.0,291.0,98.0,94.0,99.0,1.0,NONE,72.0,1.0,E,MARKSMAN,,,23.0,170.0,,,,,,,,,,,,,,,,,,,,,,,,,,,,,,,,,,,,,,,,,Commander,0.0,0.0,1.0,27.5,1.0,255.0,79.0,85.0,91.0,1.0,OTHER,68.0,3.0,E,MARKSMAN,SHARPSHOOTER,,101.0,157.0
164,164,Scout 2,2-7 IN,Bradley,769,7.0,1.0,3,Driver,0,0,1,27.5,,,,,,,NONE,,1.0,E,SHARPSHOOTER,,,17.0,,,,,,,,,,,,,,,,,,,,,,Gunner,0.0,0.0,0.0,27.5,1.0,220.0,71.0,78.0,71.0,,MEXICAN,,1.0,E,EXPERT,,,35.0,,Commander,0.0,0.0,1.0,32.5,1.0,291.0,99.0,97.0,95.0,1.0,OTHER,70.0,3.0,E,EXPERT,EXPERT,SHARPSHOOTER,195.0,189.0
165,165,Scout 2,3-69 AR,Bradley,700,7.0,0.0,3,Driver,0,0,0,,,,,,,,,,,M,,,,,,,,,,,,,,,,,,,,,,,,,,,,,,,,,,,,,,,,,,,,,,Commander,0.0,0.0,0.0,,,,,,,,,,,M,,,,,
166,166,Scout 3,1-64 AR,Bradley,740,7.0,1.0,3,Driver,0,0,1,18.0,,,,,,1.0,NONE,72.0,1.0,E,SHARPSHOOTER,,,15.0,195.0,,,,,,,,,,,,,,,,,,,,,Gunner,0.0,0.0,1.0,27.5,1.0,261.0,83.0,100.0,78.0,1.0,MEXICAN,68.0,2.0,E,EXPERT,,,73.0,200.0,Commander,0.0,0.0,1.0,27.5,1.0,251.0,87.0,82.0,82.0,1.0,OTHER,69.0,3.0,E,EXPERT,,,107.0,231.0
167,167,Scout 3,2-7 IN,Bradley,740,7.0,1.0,3,Driver,0,0,1,22.5,,,,,,,NONE,,1.0,E,EXPERT,,,15.0,,,,,,,,,,,,,,,,,,,,,,,,,,,,,,,,,,,,,,,,,,Commander,0.0,0.0,1.0,32.5,1.0,237.0,85.0,75.0,77.0,1.0,OTHER,71.0,3.0,E,MARKSMAN,EXPERT,MARKSMAN,168.0,181.0
168,168,Scout 3,3-69 AR,Bradley,779,8.0,1.0,3,Driver,0,0,0,,,,,,,,,,,M,,,,,,,,,,,,,,,,,,,,,,,,,,Gunner,0.0,0.0,0.0,,,,,,,,,,,M,,,,,,Commander,0.0,0.0,0.0,,,,,,,,,,,M,,,,,
169,169,Scout 5,2-7 IN,Bradley,738,8.0,0.0,3,Driver,0,0,1,32.5,1.0,243.0,82.0,75.0,86.0,,NONE,,1.0,E,EXPERT,,MARKSMAN,15.0,,,,,,,,,,,,,,,,,,,,,,Gunner,0.0,0.0,0.0,22.5,1.0,242.0,100.0,75.0,67.0,,NONE,,1.0,E,SHARPSHOOTER,,,27.0,,Commander,0.0,0.0,1.0,37.5,1.0,235.0,80.0,76.0,79.0,1.0,OTHER,72.0,3.0,E,SHARPSHOOTER,,MARKSMAN,170.0,220.0
